<?xml version="1.0" encoding="utf-8"?>
<install version="1.5" type="plugin" group="content">
	<name>Smooth-Scroll for Joomla! rel. 0.8</name>
	<author>Riccardo Budini</author>
	<creationDate>November 2008</creationDate>
	<copyright>Riccardo Budini 2008</copyright>
	<license>This Joomla! plugin is licensed GNU/GPL http://www.gnu.org/licenses/gpl-2.0.html GNU/GPL. Smooth-Scroll for Jommla! is free software released under MIT License.</license>
	<authorEmail>info@provisum-illumina.com</authorEmail>
	<authorUrl>http://www.provisum-illumina.com</authorUrl>
	<version>0.8</version>
	<description>SMOOTHSCDESCINPLUGIN</description>
	<files>
		<filename plugin="smoothsc">smoothsc.php</filename>
		<folder>smoothsc</folder>
	</files>
	<languages>
		<language tag="en-GB">en-GB.plg_content_smoothsc.ini</language>
	</languages>
	<params> 
	
	<param name="Text" type="text" default="Top" label="text for 'go to top' link" description="text for 'go to top' link" />
	<param name="Div-Top-Name" type="text" default="header_r" label="name of div id at the very top of your page, default name is for Rhuk Milkyway standard template" description="the # is necessary, just type the id of the div. Don't leave it blank or smooth scroll will not be activated" />
	<param name="Style" type="text" default="text-decoration:none;" label="you can type some additional css styling for the a link " description="you can type some additional css styling for the a link" />
		<param name="IconType" type="Imagelist" default="round_blue.gif" label="Select icon for 'go to top' icon" description="Put your custom icons in directory plugins/content/smoothsc/icons/ to be able to choose them from this drop down list. " directory="plugins/content/smoothsc/icons" exclude="" stripext="" />
	
	<param name="AlignIcon" type="list" default="absmiddle" label="Icon img Align" description="Img Align parameter for the 'go to top' icon">
	<option value="">none</option>
			<option value="absmiddle">absmiddle</option>
			<option value=" middle">middle</option>
			<option value="left">left</option>
			<option value="right">right</option>
			<option value="top">top</option>
			<option value="bottom">bottom</option>
			<option value="absbottom">absbottom</option>
			<option value="baseline">baseline</option>
			<option value="texttop">texttop</option>
	</param>
	<param name="Vspace" type="text" default="5" label="Icon img Vspace" description="Img Vspace (vertical space) parameter for the icon" />
	<param name="Hspace" type="text" default="5" label="Icon img Hspace" description="Img Hspace (horizontal space) parameter for the icon" />
	
	
   
   <param type="Spacer" />
   <param type="Spacer" />
   
   
  </params>
</install>