<?xml version="1.0" encoding="utf-8"?>
<extension type="component" version="1.6" method="upgrade">
	<name>COM_ADVANCEDMODULES</name>
	<description>COM_ADVANCEDMODULES_DESC</description>
	<version>2.2.6</version>
	<creationDate>November 2011</creationDate>
	<author>NoNumber! (Peter van Westen)</author>
	<authorEmail>peter@nonumber.nl</authorEmail>
	<authorUrl>http://www.nonumber.nl</authorUrl>
	<copyright>Copyright © 2011 NoNumber! All Rights Reserved</copyright>
	<license>http://www.gnu.org/licenses/gpl-2.0.html GNU/GPL</license>

	<administration>
		<menu>COM_ADVANCEDMODULES</menu>
	</administration>

	<!-- Installation -->
	<uninstallfile>uninstall.advancedmodules.php</uninstallfile>
	<uninstall>
		<sql>
			<file driver="mysql" charset="utf8">uninstall.advancedmodules.sql</file>
		</sql>
	</uninstall>
</extension>
