<?xml version="1.0" encoding="utf-8"?>
<config>
	<params group="cleanup">
		<param name="verify_html" type="list" default="0" label="WF_PARAM_CLEANUP" description="WF_PARAM_CLEANUP_DESC">
			<option value="0">WF_OPTION_NO</option>
			<option value="1">WF_OPTION_YES</option>
		</param>
		<param name="entity_encoding" type="list" default="raw" label="WF_PARAM_ENTITY_ENCODING" description="WF_PARAM_ENTITY_ENCODING_DESC">
			<option value="raw">UTF-8</option>
			<option value="named">WF_PARAM_NAMED</option>
			<option value="numeric">WF_PARAM_NUMERIC</option>
		</param>
		<!--param name="keep_nbsp" type="list" default="0" label="WF_WF_PARAM_NBSP" description="WF_WF_PARAM_NBSP">
			<option value="0">WF_OPTION_NO</option>
			<option value="1">WF_OPTION_YES</option>
		</param-->
		<param name="cleanup_pluginmode" type="list" default="0" label="WF_PARAM_PLUGIN_MODE" description="WF_PARAM_PLUGIN_MODE_DESC">
			<option value="1">WF_OPTION_YES</option>
			<option value="0">WF_OPTION_NO</option>
		</param>
	</params>
	<params group="format">
		<param name="forced_root_block" type="list" default="p" label="WF_PARAM_ROOT_BLOCK" description="WF_PARAM_ROOT_BLOCK_DESC">
			<option value="p">WF_PARAM_PARAGRAPH</option>
			<option value="div">WF_PARAM_DIV</option>
			<option value="0">WF_OPTION_DISABLED</option>
		</param>
		<param name="newlines" type="list" default="0" label="WF_PARAM_NEWLINES" description="WF_PARAM_NEWLINES_DESC">
			<option value="1">WF_PARAM_LINEBREAKS</option>
			<option value="0">WF_PARAM_PARAGRAPHS</option>
		</param>
		<param name="content_style_reset" type="list" default="0" label="WF_PARAM_EDITOR_STYLE_RESET" description="WF_PARAM_EDITOR_STYLE_RESET_DESC">
			<option value="1">WF_OPTION_YES</option>
			<option value="0">WF_OPTION_NO</option>
		</param>
		<param name="content_css" type="list" default="1" label="WF_PARAM_EDITOR_GLOBAL_CSS" description="WF_PARAM_EDITOR_GLOBAL_CSS_DESC">
			<option value="0">WF_PARAM_CSS_CUSTOM</option>
			<option value="1">WF_PARAM_CSS_TEMPLATE</option>
			<option value="2">WF_PARAM_CSS_NONE</option>
		</param>
		<param name="content_css_custom" type="textarea" rows="2" cols="55" default="" placeholder="eg: templates/$template/css/content.css" label="WF_PARAM_CSS_CUSTOM" description="WF_PARAM_CSS_CUSTOM_DESC" />		
	</params>
	<params group="compression">
		<param name="compress_javascript" type="list" default="0" label="WF_PARAM_COMPRESS_JAVASCRIPT" description="WF_PARAM_COMPRESS_JAVASCRIPT_DESC">
			<option value="0">WF_OPTION_NO</option>
			<option value="1">WF_OPTION_YES</option>
		</param>
		<param name="compress_css" type="list" default="0" label="WF_PARAM_COMPRESS_CSS" description="WF_PARAM_COMPRESS_CSS_DESC">
			<option value="0">WF_OPTION_NO</option>
			<option value="1">WF_OPTION_YES</option>
		</param>
		<param name="compress_gzip" type="list" default="0" label="WF_PARAM_COMPRESS_GZIP" description="WF_PARAM_COMPRESS_GZIP_DESC">
			<option value="0">WF_OPTION_NO</option>
			<option value="1">WF_OPTION_YES</option>
		</param>
	</params>
	<params group="advanced">
		<param name="use_cookies" type="list" default="1" label="WF_PARAM_USE_COOKIES" description="WF_PARAM_USE_COOKIES_DESC">
			<option value="0">WF_OPTION_NO</option>
			<option value="1">WF_OPTION_YES</option>
		</param>
		<param name="custom_config" type="textarea" rows="5" cols="55" default="" label="WF_PARAM_CUSTOM_CONFIG" description="WF_PARAM_CUSTOM_CONFIG_DESC" />
		<param name="callback_file" type="text" default="" size="50" label="WF_PARAM_CALLBACK" description="WF_PARAM_CALLBACK_DESC" />
	</params>
	<!--params group="other">
		<param name="help_url" type="text" size="80" default="http://www.joomlacontenteditor.net/index.php?option=com_content&amp;view=article" label="WF_PARAM_HELP_URL" description="WF_PARAM_HELP_URL_DESC" />
	</params-->
</config>