<?xml version="1.0" ?>
<install version="1.5" type="extension" extension="jcemediabox" folder="popups" core="1">
	<name>WF_POPUPS_JCEMEDIABOX_TITLE</name>
	<version>2.0.17</version>
	<creationDate>07 November 2011</creationDate>
	<author>Ryan Demmer</author>
	<authorEmail>info@joomlacontenteditor.net</authorEmail>
	<authorUrl>http://www.joomlacontenteditor.net/</authorUrl>
	<copyright>Copyright (C) 2006 - 2011 Ryan Demmer. All rights reserved</copyright>
	<license>GNU/GPL Version 2 or later - http://www.gnu.org/licenses/gpl-2.0.html</license>
	<description>WF_POPUPS_JCEMEDIABOX_DESC</description>
	<files>
		<file>jcemediabox.php</file>
		<folder>jcemediabox</folder>
	</files>
	<params group="jcemediabox">
		<param name="enable" type="list" default="1" label="WF_LABEL_EXTENSION_ENABLE" description="WF_LABEL_EXTENSION_ENABLE_DESC">
			<option value="1">WF_OPTION_YES</option>
			<option value="0">WF_OPTION_NO</option>
    	</param>
	</params>
	<media></media>
	<plugins>link,imgmanager_ext,mediamanager</plugins>
	<languages></languages>
</install>
 